-- =============================================================================
-- seed.sql — Datos de ejemplo para la demo y el desarrollo
-- Sistema de Ticketing Mundial 2026 — Grupo 4
--
-- Importante: correr sobre un esquema limpio (schema.sql + triggers.sql antes).
-- Son solo datos representativos del dominio, sin lógica de prueba.
-- Los tests de triggers están aparte, en sql/test_triggers.sql.
-- =============================================================================

USE CD_Grupo4;

-- COMISION inicial: 5 % vigente desde el 1/1/2026
CALL sp_nueva_comision(5.00, '2026-01-01 00:00:00');

-- ---- USUARIOS ---------------------------------------------------------------
INSERT INTO USUARIO (Mail, Contrasena, PaisDoc, TipoDoc, NroDoc, PaisDir, Localidad, Calle, NroPuerta, CodPostal)
VALUES
  ('admin@ticketing.com', 'admin123', 'Uruguay', 'CI', '12345678', 'Uruguay', 'Montevideo', 'Av. 18 de Julio', '1234', '11100'),
  ('func@ticketing.com',  'func123',  'Uruguay', 'CI', '23456789', 'Uruguay', 'Montevideo', 'Av. Brasil',       '456',  '11300'),
  ('user1@test.com',      'user123',  'Uruguay', 'CI', '34567890', 'Uruguay', 'Montevideo', 'Colonia',          '789',  '11200'),
  ('user2@test.com',      'user123',  'Uruguay', 'CI', '45678901', 'Uruguay', 'Montevideo', 'Rivera',           '321',  '11400'),
  ('user3@test.com',      'user123',  'Uruguay', 'CI', '56789012', 'Uruguay', 'Montevideo', 'Libertad',         '654',  '11500');

INSERT INTO ADMINISTRADOR (Mail_Usuario, PaisSede, FechaAsignacion)
VALUES ('admin@ticketing.com', 'Uruguay', '2026-01-15');

INSERT INTO FUNCIONARIO (Mail_Usuario, NroLegajo)
VALUES ('func@ticketing.com', 'LEG-001');

INSERT INTO USUARIO_GENERAL (Mail_Usuario, FechaRegistro, EstadoVerificacion)
VALUES
  ('user1@test.com', '2026-01-01', 'Verificado'),
  ('user2@test.com', '2026-01-02', 'Verificado'),
  ('user3@test.com', '2026-01-03', 'Verificado');

INSERT INTO TELEFONO (Mail_Usuario, Telefono)
VALUES ('user1@test.com', '+59899111111');

-- ---- INFRAESTRUCTURA --------------------------------------------------------
INSERT INTO ESTADIO (EstadioID, Nombre, Pais, Ciudad)
VALUES (1, 'Estadio Centenario', 'Uruguay', 'Montevideo');

INSERT INTO SECTOR (EstadioID, LetraSector, CapacidadMax, CostoEntrada)
VALUES
  (1, 'A', 10000, 150.00),
  (1, 'B',  8000, 120.00),
  (1, 'C',  6000, 200.00),
  (1, 'D',  4000, 300.00);

-- EVENTO 1 — Uruguay vs Brasil (20/6/2026 18:00, sectores A y B habilitados)
INSERT INTO EVENTO (EventoID, EquipoLocal, EquipoVisitante, FechaHora, EstadioID, Mail_Administrador)
VALUES (1, 'Uruguay', 'Brasil', '2026-06-20 18:00:00', 1, 'admin@ticketing.com');

INSERT INTO EVENTO_SECTOR (EventoID, EstadioID, LetraSector)
VALUES (1, 1, 'A'), (1, 1, 'B');

INSERT INTO DISPOSITIVO (DispositivoID, Mail_Funcionario)
VALUES (1, 'func@ticketing.com');

INSERT INTO ASIGNACION_FUNCIONARIO (Mail_Funcionario, EventoID, EstadioID, LetraSector)
VALUES ('func@ticketing.com', 1, 1, 'A');

-- ---- VENTAS Y ENTRADAS ------------------------------------------------------
-- VENTA 1: 5 entradas para user1 (el máximo por RNE 1)
INSERT INTO VENTA (VentaID, Fecha, Estado, Mail_Comprador, ComisionID)
VALUES (1, '2026-06-10 10:00:00', 'Confirmada', 'user1@test.com', 1);

INSERT INTO ENTRADA (EntradaID, EstadoEntrada, Costo_Historico, VentaID, EventoID, EstadioID, LetraSector, Mail_Propietario)
VALUES
  (1, 'Activa', 150.00, 1, 1, 1, 'A', 'user1@test.com'),
  (2, 'Activa', 150.00, 1, 1, 1, 'A', 'user1@test.com'),
  (3, 'Activa', 150.00, 1, 1, 1, 'A', 'user1@test.com'),
  (4, 'Activa', 150.00, 1, 1, 1, 'A', 'user1@test.com'),
  (5, 'Activa', 150.00, 1, 1, 1, 'A', 'user1@test.com');

-- Un token activo por entrada, con la ventana de 30s de RNE 10 (ExpiraEn = GeneradoEn + 30s).
-- Estos tokens del seed nacen ya vencidos respecto de hoy: al abrir "Mis entradas" el
-- backend genera uno nuevo vigente (ver TokenService). Por eso los tests los renuevan antes
-- de validar.
INSERT INTO TOKEN_QR (TokenID, CodigoQR, GeneradoEn, ExpiraEn, Activo, EntradaID)
VALUES
  (1, 'QR-E1-001', '2026-06-10 10:05:00', '2026-06-10 10:05:30', TRUE, 1),
  (2, 'QR-E2-001', '2026-06-10 10:05:00', '2026-06-10 10:05:30', TRUE, 2),
  (3, 'QR-E3-001', '2026-06-10 10:05:00', '2026-06-10 10:05:30', TRUE, 3),
  (4, 'QR-E4-001', '2026-06-10 10:05:00', '2026-06-10 10:05:30', TRUE, 4),
  (5, 'QR-E5-001', '2026-06-10 10:05:00', '2026-06-10 10:05:30', TRUE, 5);

-- ---- DATOS ADICIONALES PARA REPORTES (rankings y eventos más vendidos) -------
-- Segundo evento en el mismo estadio, sin solapar con el primero (RNE 4).
INSERT INTO EVENTO (EventoID, EquipoLocal, EquipoVisitante, FechaHora, EstadioID, Mail_Administrador)
VALUES (2, 'Argentina', 'México', '2026-06-25 18:00:00', 1, 'admin@ticketing.com');

INSERT INTO EVENTO_SECTOR (EventoID, EstadioID, LetraSector)
VALUES (2, 1, 'A'), (2, 1, 'C');

-- VENTA 2: 3 entradas de user2 en el evento 1, sector B.
INSERT INTO VENTA (VentaID, Fecha, Estado, Mail_Comprador, ComisionID)
VALUES (2, '2026-06-11 12:00:00', 'Confirmada', 'user2@test.com', 1);

INSERT INTO ENTRADA (EntradaID, EstadoEntrada, Costo_Historico, VentaID, EventoID, EstadioID, LetraSector, Mail_Propietario)
VALUES
  (6, 'Activa', 120.00, 2, 1, 1, 'B', 'user2@test.com'),
  (7, 'Activa', 120.00, 2, 1, 1, 'B', 'user2@test.com'),
  (8, 'Activa', 120.00, 2, 1, 1, 'B', 'user2@test.com');

-- VENTA 3: 2 entradas de user3 en el evento 2, sector C.
INSERT INTO VENTA (VentaID, Fecha, Estado, Mail_Comprador, ComisionID)
VALUES (3, '2026-06-12 09:30:00', 'Confirmada', 'user3@test.com', 1);

INSERT INTO ENTRADA (EntradaID, EstadoEntrada, Costo_Historico, VentaID, EventoID, EstadioID, LetraSector, Mail_Propietario)
VALUES
  (9,  'Activa', 200.00, 3, 2, 1, 'C', 'user3@test.com'),
  (10, 'Activa', 200.00, 3, 2, 1, 'C', 'user3@test.com');

INSERT INTO TOKEN_QR (TokenID, CodigoQR, GeneradoEn, ExpiraEn, Activo, EntradaID)
VALUES
  (6,  'QR-E6-001',  '2026-06-11 12:05:00', '2026-06-11 12:05:30', TRUE, 6),
  (7,  'QR-E7-001',  '2026-06-11 12:05:00', '2026-06-11 12:05:30', TRUE, 7),
  (8,  'QR-E8-001',  '2026-06-11 12:05:00', '2026-06-11 12:05:30', TRUE, 8),
  (9,  'QR-E9-001',  '2026-06-12 09:35:00', '2026-06-12 09:35:30', TRUE, 9),
  (10, 'QR-E10-001', '2026-06-12 09:35:00', '2026-06-12 09:35:30', TRUE, 10);

-- Cobertura (RNE 5): dejamos al funcionario asignado también al sector B del evento 1.
-- Como en la demo solo valida el sector A, sp_verificar_cobertura(1) muestra B como pendiente.
INSERT INTO ASIGNACION_FUNCIONARIO (Mail_Funcionario, EventoID, EstadioID, LetraSector)
VALUES ('func@ticketing.com', 1, 1, 'B');
